{
  "cv": {
    "auc_mean": 0.9078816784689087,
    "auc_std": 0.0012153529410089882,
    "brier_mean": 0.1014046311378479,
    "brier_std": 0.0009231445515057773
  },
  "test": {
    "auc": 0.9045022102841942,
    "brier_score": 0.10268976539373398,
    "log_loss": 0.3362899746543313,
    "accuracy": 0.85925,
    "confusion_matrix": [
      [
        7910,
        781
      ],
      [
        908,
        2401
      ]
    ]
  },
  "calibracao": {
    "gap_medio_calibracao": 0.00857394549962146
  },
  "hyperparams": {
    "n_estimators": 300,
    "max_depth": 5,
    "learning_rate": 0.08,
    "subsample": 0.85,
    "colsample_bytree": 0.85,
    "min_child_weight": 5,
    "reg_alpha": 0.1,
    "reg_lambda": 1.0,
    "objective": "binary:logistic",
    "eval_metric": "logloss",
    "random_state": 42,
    "n_jobs": -1
  }
}